{"r2_score": 0.9811236825879995, "mse": 105617714.99949569, "feature_count": 7}